he;hoy
factor;fauctor
weight;woeight
across;iecross
goal;gial
road;royad
away;oaway
born;baurn
generation;gowneration
list;least
window;weendow
wait;wewit
threat;throat
evening;eovening
base;boase
contain;ceyntain
would;weeuld
least;loiast
recently;recently
low;leow
beat;boaat
morning;moyrning
hospital;hoyspital
chair;choir
group;groiup
American;Amoyrican
key;koyy
dark;doark
writer;wreiter
position;puisition
why;why
factor;foyctor
sam;saym
approach;oypproach
simple;sawmple
throw;thriw
enough;awnough
ago;augo
term;tairm
serious;soarious
question;qiestion
sex;seux
mission;muission
fly;fly
Congress;Congress
fear;fouar
nor;nuir
recently;roacently
job;jeab
tell;toell
