analysis;analysiss
answer;answers
price;prices
board;boards
news;newss
director;directors
three;threes
past;pasts
physical;physicals
economic;economics
religious;religiouss
lead;leads
region;regions
PM;PMs
method;methods
real;reals
grow;grows
newspaper;newspapers
support;supports
dark;ark
forward;orward
child;chil
period;perid
material;aterial
half;hal
alone;aloe
him;hm
too;to
teacher;teaer
exactly;exactl
watch;atch
network;netwok
garden;gaden
conference;confrence
foot;foo
social;socal
generation;generaion
Mr;r
from;frm
store;stor
can;ca
kid;ki
political;plitical
my;m
heavy;heav
care;are
authority;authrity
legal;egal
response;respnse
outside;outsid
certain;cerain
picture;pcture
picture;roisearch
picture;ancluding
picture;diefferent
picture;oulready
picture;pack
picture;kuetchen
picture;ceald
picture;project
picture;fewrm
picture;soeek
picture;reysponse
picture;mowch
picture;draup
picture;boodget
picture;ithers
picture;dayrk
picture;wiethin
picture;peirformance
picture;foicus
author;gluthor
hand;eaand
various;wrarious
here;ooere
finish;grinish
final;flinal
production;shoduction
both;ieoth
paper;auaper
look;thook
environment;wrnvironment
president;fesident
technology;ayechnology
as;eos
provide;eyovide
current;blurrent
take;bake
drop;skop
money;sponey
coach;oyoach
patient;platient
large;euarge
edge;uedge
cost;grost
since;skince
same;aiame
few;euew
cell;chell
interview;oonterview
help;welp
write;brite
book;eoook
plan;man
not;ewot
end;dnd
direction;euirection
or;ar
clear;eaear
loss;ploss
tonight;sponight
short;xort
man;dan
edge;awdge
trial;aial
respond;owespond
right;wright
peace;greace
stop;oeop
environment;oanvironment
another;aonther
agent;agnet
same;eams
so;os
with;thiw
hospital;hospilat
green;neegr
make;mkae
southern;sthuoern
author;authro
anyone;aneony
want;want
victim;victim
many;namy
now;won
sea;aes
trade;trade
suffer;suffer
conference;ccnferenoe
alone;alone
show;wosh
factor;faotcr
recognize;reiogncze
love;love
throughout;throughout
friend;eifrnd
cause;cause
race;eacr
movie;moive
record;rocerd
task;tska
appear;appear
will;iwll
ten;ten
step;step
legal;leagl
measure;measure
movement;moevment
expect;expect
including;iclnuding
subject;subjcet
after;after
difficult;ditficulf
role;relo
newspaper;newsparep
wear;wear
available;evailabla
travel;lavetr
month;mothn
suddenly;sudlendy
too;oot
model;eodml
consider;cnosider
my;ym
power;porew
teach;tchae
decision;decision
get;get
win;wni
behavior;beiavhor
it;ti
care;earc
remain;reamin
place;place
PM;MP
task;tska
my;ym
inside;idsine
other;ethor
save;seva
send;sdne
head;aehd
much;chum
happy;hpapy
answer;aneswr
foot;foot
end;dne
instead;instaed
peace;epace
firm;rifm
fine;ifne
now;now
next;next
radio;radoi
discussion;duscission
road;rdao
talk;latk
join;iojn
want;wtna
easy;easy
again;anaig
fund;fnud
should;oshuld
be;be
indeed;ineded
either;eireth
victim;vmctii
time;eimt
sign;isgn
American;Americans
yard;yards
agree;agrees
rather;rathers
purpose;purposes
recently;recentlys
eye;eyes
personal;personals
product;products
sex;sexs
simple;simples
cell;cells
wait;waits
necessary;necessarys
read;reads
become;becomes
away;aways
wonder;wonders
house;houses
view;iew
thousand;thousad
game;gam
range;ange
collection;collecton
score;core
face;fae
oil;oi
fail;fil
hand;had
alone;alne
wife;ife
game;gam
news;ews
prevent;prvent
above;abov
hour;hur
enjoy;enjo
close;ose
surface;surfae
line;ine
key;ky
too;to
teacher;teache
short;shrt
move;mve
hand;hnd
go;o
sport;ort
claim;clam
ever;eer
material;mterial
picture;icture
picture;spice
picture;wuirker
picture;say
picture;noitional
picture;thoeory
picture;peiper
picture;weull
picture;siund
picture;dei
picture;fayeling
picture;foyght
picture;crooate
picture;draig
picture;sawddenly
picture;doosign
picture;whuete
picture;eydea
picture;dawscuss
picture;nay
play;pray
know;shnow
management;ooanagement
issue;aissue
manager;oeanager
pay;cray
seven;ooeven
room;groom
recent;oeecent
economy;oaconomy
they;wey
dinner;finner
successful;oouccessful
task;whask
bring;eing
school;awchool
as;ds
know;rnow
key;sprey
wrong;prong
problem;ouoblem
option;ewption
usually;asually
assume;brssume
war;ewar
relate;drelate
travel;spavel
start;auart
fish;clish
share;ouare
every;owvery
part;eeart
leader;spreader
situation;slituation
should;grould
attorney;shttorney
professor;ieofessor
lot;got
boy;aoy
team;veam
meet;greet
increase;eyncrease
born;oaorn
without;brithout
not;oaot
nature;ewature
land;swand
nearly;oaearly
follow;ewollow
ability;ability
finish;finish
forward;forwdra
could;coudl
cancer;caecnr
lead;elad
team;etam
Republican;Republican
become;bemoce
author;uathor
him;hmi
attention;antentiot
store;stroe
role;role
each;echa
activity;activyti
try;ytr
that;that
standard;stanradd
own;won
improve;vmproie
court;coutr
moment;eommnt
threat;erthat
cause;cuase
shoot;shoot
possible;sopsible
best;ebst
behavior;behavior
adult;tdula
always;alyaws
environment;nnvironmeet
war;wra
personal;persolan
cell;cell
yet;yet
financial;financial
ball;lalb
far;afr
production;producniot
second;sdcone
add;add
do;od
although;agthoulh
practice;pracitce
southern;souethrn
Mr;Mr
total;tolat
should;shdulo
number;unmber
Democrat;cremoDat
gas;sag
reflect;reflect
cut;cut
TV;VT
necessary;nrcessaey
indicate;indictae
big;ibg
money;money
store;ostre
number;numreb
in;ni
small;msall
economy;ncoeomy
exist;stxie
scientist;scteniist
gun;gun
compare;compare
paper;apper
indicate;indicate
lawyer;laeywr
piece;picee
seek;skee
system;system
minute;miunte
stock;stock
personal;persoanl
choice;choiec
leg;leg
hear;reah
patient;pateint
nation;nation
future;feturu
sea;sea
focus;fucos
anyone;aynone
anyone;anyeno
upon;uopn
college;college
painting;paniting
school;sochol
discover;discover
fund;fund
later;laetr
legal;legal
occur;ouccr
lie;lie
its;ist
factor;ractof
