heat;heats
discussion;discussions
they;theys
cost;costs
serve;serves
himself;himselfs
live;lives
another;anothers
him;hims
forward;forwards
private;privates
ask;asks
experience;experiences
similar;similars
become;becomes
office;offices
open;opens
check;checks
believe;believes
quite;qite
many;man
hear;ear
term;tem
maybe;mybe
she;sh
Democrat;Demcrat
front;fron
green;gren
stop;stp
sexual;sexal
floor;flor
plan;pla
the;e
in;i
what;at
weight;wight
war;wr
interesting;interesti
manage;mnage
look;ook
movement;movment
whom;who
common;cmmon
its;it
shake;shak
exist;exi
rise;rie
pull;ull
long;lng
whether;whther
many;mny
data;ata
data;seobject
data;waish
data;ganeration
data;voisit
data;heiir
data;teiam
data;whewse
data;con
data;roick
data;suddenly
data;ceyme
data;oince
data;euway
data;shouuld
data;noover
data;ooxplain
data;uinclude
data;moelitary
data;feire
hope;nkope
civil;oyivil
can;uean
future;sluture
fact;thact
price;ieice
free;oee
argue;frgue
lawyer;shawyer
administration;jdministration
event;prvent
control;thontrol
reflect;eueflect
owner;aywner
present;xesent
table;jable
soon;groon
occur;skccur
into;wrnto
this;eais
sea;brea
recently;trecently
firm;skirm
current;current
bag;kag
language;owanguage
cause;awause
third;nird
whatever;vatever
detail;bretail
return;wreturn
attack;thttack
increase;ayncrease
hospital;eaospital
reach;cleach
trade;eade
success;oiuccess
listen;oyisten
various;plarious
show;eeow
away;wrway
step;awep
necessary;auecessary
move;crove
wrong;long
easy;aasy
hair;grair
war;nkar
movie;oiovie
prevent;prevent
task;tska
operation;tperaoion
growth;grothw
so;os
phone;pnohe
lot;olt
yard;dary
third;third
almost;almost
many;many
morning;norming
democratic;demtcraoic
but;tub
recently;recetnly
agreement;agreement
stuff;stffu
quite;qeitu
hospital;hoisptal
building;building
two;owt
rather;rather
court;tourc
involve;envolvi
body;body
media;aedim
send;esnd
history;histoyr
chair;achir
nation;nation
out;uot
glass;glass
true;eutr
letter;telter
herself;ehrself
our;our
per;rep
issue;issue
three;there
only;olny
main;main
usually;uauslly
then;then
child;lichd
toward;trwaod
bad;dab
fall;lalf
community;commtniuy
pass;psas
little;little
occur;orcuc
short;short
woman;womna
serious;iersous
enter;enter
population;popalution
street;estret
decide;edcide
fire;ifre
opportunity;oppornutity
try;ytr
recently;recently
suddenly;dusdenly
them;meth
might;higmt
cover;corev
deep;edep
thousand;thounasd
one;one
score;sroce
consider;corsiden
oil;oil
establish;estashibl
gun;nug
character;raractech
drop;drpo
career;caeerr
statement;statement
art;rat
building;bungldii
put;upt
cover;rovec
report;report
protect;pretoct
mission;mission
hand;ahnd
way;awy
study;ustdy
soldier;seldior
recently;rnceetly
next;nxet
water;eatwr
easy;aesy
fight;ftghi
model;omdel
benefit;bentfie
discover;discover
study;ustdy
relationship;reiatlonship
